"","QUINCENA","estado","CONFIRMADOS","DEFUNCIONES","HOSPITALIZADOS","CONFIRMADOS_100k","DEFUNCIONES_100k","HOSPITALIZADOS_100k"
"1","2020-01-03","Aguascalientes",0,0,50,0,0,3.48520703872414
"2","2020-01-03","Baja California",0,0,44,0,0,1.21049787777713
"3","2020-01-03","Baja California Sur",0,0,33,0,0,4.10086640122877
"4","2020-01-03","Campeche",0,0,4,0,0,0.399753352181704
"5","2020-01-03","Chiapas",0,0,8,0,0,0.139607114169127
"6","2020-01-03","Chihuahua",0,0,76,0,0,1.99921767455735
"7","2020-01-03","Ciudad de México",0,0,219,0,0,2.42830269957405
"8","2020-01-03","Coahuila de Zaragoza",0,0,56,0,0,1.7398220410598
"9","2020-01-03","Colima",0,0,5,0,0,0.636818556383278
"10","2020-01-03","Durango",0,0,30,0,0,1.60513987188844
"11","2020-01-03","Guanajuato",0,0,41,0,0,0.658298779337446
"12","2020-01-03","Guerrero",0,0,28,0,0,0.765644858913528
"13","2020-01-03","Hidalgo",0,0,60,0,0,1.94400362362275
"14","2020-01-03","Jalisco",0,0,117,0,0,1.39125173772693
"15","2020-01-03","México",0,0,137,0,0,0.78610081943838
"16","2020-01-03","Michoacán de Ocampo",0,0,48,0,0,0.994735981527753
"17","2020-01-03","Morelos",0,0,13,0,0,0.635989781111886
"18","2020-01-03","Nayarit",0,0,17,0,0,1.31929090442048
"19","2020-01-03","Nuevo León",0,0,63,0,0,1.1229640261148
"20","2020-01-03","Oaxaca",0,0,54,0,0,1.30321679759571
"21","2020-01-03","Puebla",0,0,43,0,0,0.651076069759621
"22","2020-01-03","Querétaro",0,0,46,0,0,2.01786512501771
"23","2020-01-03","Quintana Roo",0,0,50,0,0,2.90147911602377
"24","2020-01-03","San Luis Potosí",0,0,63,0,0,2.19807671776206
"25","2020-01-03","Sinaloa",0,0,35,0,0,1.10876194374205
"26","2020-01-03","Sonora",0,0,38,0,0,1.23587484490584
"27","2020-01-03","Tabasco",0,0,11,0,0,0.42763501895395
"28","2020-01-03","Tamaulipas",0,0,22,0,0,0.60264033164941
"29","2020-01-03","Tlaxcala",0,0,37,0,0,2.68113804889961
"30","2020-01-03","Veracruz de Ignacio de la Llave",0,0,83,0,0,0.971912660883747
"31","2020-01-03","Yucatán",0,0,5,0,0,0.221327273097493
"32","2020-01-03","Zacatecas",0,0,34,0,0,2.04029461854292
"33","2020-01-17","Aguascalientes",0,0,66,0,0,4.60047329111586
"34","2020-01-17","Baja California",0,0,64,0,0,1.76072418585764
"35","2020-01-17","Baja California Sur",0,0,46,0,0,5.71635922595525
"36","2020-01-17","Campeche",0,0,5,0,0,0.49969169022713
"37","2020-01-17","Chiapas",0,0,22,0,0,0.3839195639651
"38","2020-01-17","Chihuahua",0,0,91,0,0,2.39380011032525
"39","2020-01-17","Ciudad de México",0,0,215,0,0,2.38395013885124
"40","2020-01-17","Coahuila de Zaragoza",0,0,83,0,0,2.57866481085649
"41","2020-01-17","Colima",0,0,5,0,0,0.636818556383278
"42","2020-01-17","Durango",0,0,57,0,0,3.04976575658803
"43","2020-01-17","Guanajuato",0,0,51,0,0,0.818859457224628
"44","2020-01-17","Guerrero",0,0,41,0,0,1.12112282912338
"45","2020-01-17","Hidalgo",0,0,89,0,0,2.88360537504042
"46","2020-01-17","Jalisco",0,0,231,0,0,2.74683035397368
"47","2020-01-17","México",0,0,156,0,0,0.89512210096633
"48","2020-01-17","Michoacán de Ocampo",0,0,86,0,0,1.78223530023722
"49","2020-01-17","Morelos",0,0,26,0,0,1.27197956222377
"50","2020-01-17","Nayarit",0,0,12,0,0,0.93126416782622
"51","2020-01-17","Nuevo León",1,0,131,0.017824825811346,0,2.33505218128632
"52","2020-01-17","Oaxaca",0,0,51,0,0,1.23081586439595
"53","2020-01-17","Puebla",0,0,57,0,0,0.863054325030196
"54","2020-01-17","Querétaro",0,0,113,0,0,4.95692954623916
"55","2020-01-17","Quintana Roo",0,0,46,0,0,2.66936078674187
"56","2020-01-17","San Luis Potosí",0,0,137,0,0,4.77994460846671
"57","2020-01-17","Sinaloa",0,0,45,0,0,1.4255510705255
"58","2020-01-17","Sonora",0,0,71,0,0,2.30913457863985
"59","2020-01-17","Tabasco",0,0,25,0,0,0.971897770349887
"60","2020-01-17","Tamaulipas",0,0,51,0,0,1.39702985973272
"61","2020-01-17","Tlaxcala",0,0,35,0,0,2.53621166787801
"62","2020-01-17","Veracruz de Ignacio de la Llave",0,0,100,0,0,1.17097910949849
"63","2020-01-17","Yucatán",0,0,12,0,0,0.531185455433983
"64","2020-01-17","Zacatecas",0,0,51,0,0,3.06044192781438
"65","2020-01-31","Aguascalientes",0,0,62,0,0,4.32165672801793
"66","2020-01-31","Baja California",0,0,50,0,0,1.37556577020128
"67","2020-01-31","Baja California Sur",0,0,72,0,0,8.94734487540822
"68","2020-01-31","Campeche",0,0,4,0,0,0.399753352181704
"69","2020-01-31","Chiapas",0,0,15,0,0,0.261763339067114
"70","2020-01-31","Chihuahua",0,0,89,0,0,2.34118911888953
"71","2020-01-31","Ciudad de México",0,0,173,0,0,1.91824825126169
"72","2020-01-31","Coahuila de Zaragoza",0,0,85,0,0,2.64080131232291
"73","2020-01-31","Colima",0,0,12,0,0,1.52836453531987
"74","2020-01-31","Durango",0,0,55,0,0,2.94275643179547
"75","2020-01-31","Guanajuato",0,0,66,0,0,1.0597004740554
"76","2020-01-31","Guerrero",0,0,30,0,0,0.820333777407351
"77","2020-01-31","Hidalgo",0,0,67,0,0,2.17080404637874
"78","2020-01-31","Jalisco",0,0,173,0,0,2.05715000535691
"79","2020-01-31","México",0,0,126,0,0,0.722983235395882
"80","2020-01-31","Michoacán de Ocampo",0,0,75,0,0,1.55427497113711
"81","2020-01-31","Morelos",0,0,31,0,0,1.51659101649757
"82","2020-01-31","Nayarit",0,0,19,0,0,1.47450159905818
"83","2020-01-31","Nuevo León",0,0,90,0,0,1.60423432302114
"84","2020-01-31","Oaxaca",0,0,59,0,0,1.42388501959531
"85","2020-01-31","Puebla",0,0,39,0,0,0.590510853968028
"86","2020-01-31","Querétaro",1,1,81,0.0438666331525589,0.0438666331525589,3.55319728535727
"87","2020-01-31","Quintana Roo",0,0,44,0,0,2.55330162210091
"88","2020-01-31","San Luis Potosí",0,0,143,0,0,4.98928524825358
"89","2020-01-31","Sinaloa",2,0,50,0.0633578253566887,0,1.58394563391722
"90","2020-01-31","Sonora",0,0,59,0,0,1.91885831182748
"91","2020-01-31","Tabasco",0,0,27,0,0,1.04964959197788
"92","2020-01-31","Tamaulipas",0,0,27,0,0,0.739604043387912
"93","2020-01-31","Tlaxcala",0,0,20,0,0,1.44926381021601
"94","2020-01-31","Veracruz de Ignacio de la Llave",0,0,95,0,0,1.11243015402357
"95","2020-01-31","Yucatán",0,0,13,0,0,0.575450910053481
"96","2020-01-31","Zacatecas",0,0,46,0,0,2.76039860155807
"97","2020-02-14","Aguascalientes",1,0,60,0.0697041407744827,0,4.18224844646896
"98","2020-02-14","Baja California",0,0,67,0,0,1.84325813206972
"99","2020-02-14","Baja California Sur",0,0,65,0,0,8.07746412363242
"100","2020-02-14","Campeche",0,0,6,0,0,0.599630028272556
"101","2020-02-14","Chiapas",0,0,17,0,0,0.296665117609396
"102","2020-02-14","Chihuahua",0,0,55,0,0,1.44680226448229
"103","2020-02-14","Ciudad de México",2,0,162,0.0221762803614068,0,1.79627870927395
"104","2020-02-14","Coahuila de Zaragoza",0,0,77,0,0,2.39225530645723
"105","2020-02-14","Colima",0,0,5,0,0,0.636818556383278
"106","2020-02-14","Durango",0,0,42,0,0,2.24719582064381
"107","2020-02-14","Guanajuato",0,0,80,0,0,1.28448542309746
"108","2020-02-14","Guerrero",0,0,28,0,0,0.765644858913528
"109","2020-02-14","Hidalgo",1,0,54,0.0324000603937126,0,1.74960326126048
"110","2020-02-14","Jalisco",0,0,136,0,0,1.61718150710139
"111","2020-02-14","México",1,0,106,0.0057379621856816,0,0.60822399168225
"112","2020-02-14","Michoacán de Ocampo",0,0,66,0,0,1.36776197460066
"113","2020-02-14","Morelos",0,0,26,0,0,1.27197956222377
"114","2020-02-14","Nayarit",0,0,19,0,0,1.47450159905818
"115","2020-02-14","Nuevo León",0,0,85,0,0,1.51511019396441
"116","2020-02-14","Oaxaca",0,0,38,0,0,0.917078487196981
"117","2020-02-14","Puebla",0,0,34,0,0,0.514804334228538
"118","2020-02-14","Querétaro",0,0,56,0,0,2.4565314565433
"119","2020-02-14","Quintana Roo",0,0,52,0,0,3.01753828066472
"120","2020-02-14","San Luis Potosí",0,0,128,0,0,4.46593364878642
"121","2020-02-14","Sinaloa",0,0,63,0,0,1.99577149873569
"122","2020-02-14","Sonora",0,0,94,0,0,3.05716409003023
"123","2020-02-14","Tabasco",0,0,31,0,0,1.20515323523386
"124","2020-02-14","Tamaulipas",0,0,18,0,0,0.493069362258608
"125","2020-02-14","Tlaxcala",0,0,39,0,0,2.82606442992121
"126","2020-02-14","Veracruz de Ignacio de la Llave",0,0,94,0,0,1.10072036292858
"127","2020-02-14","Yucatán",0,0,6,0,0,0.265592727716991
"128","2020-02-14","Zacatecas",0,0,53,0,0,3.1804592583169
"129","2020-02-28","Aguascalientes",1,0,63,0.0697041407744827,0,4.39136086879241
"130","2020-02-28","Baja California",1,0,41,0.0275113154040257,0,1.12796393156505
"131","2020-02-28","Baja California Sur",0,0,68,0,0,8.45027016010776
"132","2020-02-28","Campeche",1,0,6,0.099938338045426,0,0.599630028272556
"133","2020-02-28","Chiapas",1,0,18,0.0174508892711409,0,0.314116006880537
"134","2020-02-28","Chihuahua",1,0,33,0.0263054957178599,0,0.868081358689376
"135","2020-02-28","Ciudad de México",43,5,194,0.476790027770247,0.0554407009035171,2.15109919505646
"136","2020-02-28","Coahuila de Zaragoza",2,0,59,0.0621365014664214,0,1.83302679325943
"137","2020-02-28","Colima",0,0,13,0,0,1.65572824659652
"138","2020-02-28","Durango",1,0,31,0.0535046623962812,0,1.65864453428472
"139","2020-02-28","Guanajuato",0,0,66,0,0,1.0597004740554
"140","2020-02-28","Guerrero",1,0,20,0.0273444592469117,0,0.546889184938234
"141","2020-02-28","Hidalgo",1,1,60,0.0324000603937126,0.0324000603937126,1.94400362362275
"142","2020-02-28","Jalisco",9,0,110,0.107019364440533,0,1.30801445427318
"143","2020-02-28","México",20,6,135,0.114759243713632,0.0344277731140896,0.774624895067016
"144","2020-02-28","Michoacán de Ocampo",0,0,85,0,0,1.7615116339554
"145","2020-02-28","Morelos",1,0,21,0.0489222908547605,0,1.02736810794997
"146","2020-02-28","Nayarit",0,0,30,0,0,2.32816041956555
"147","2020-02-28","Nuevo León",6,1,74,0.106948954868076,0.017824825811346,1.3190371100396
"148","2020-02-28","Oaxaca",0,0,42,0,0,1.01361306479666
"149","2020-02-28","Puebla",5,0,41,0.0757065197394908,0,0.620793461863825
"150","2020-02-28","Querétaro",2,0,58,0.0877332663051179,0,2.54426472284842
"151","2020-02-28","Quintana Roo",2,0,46,0.116059164640951,0,2.66936078674187
"152","2020-02-28","San Luis Potosí",1,0,105,0.0348901066311439,0,3.66346119627011
"153","2020-02-28","Sinaloa",1,1,50,0.0316789126783444,0.0316789126783444,1.58394563391722
"154","2020-02-28","Sonora",1,0,83,0.0325230222343642,0,2.69941084545222
"155","2020-02-28","Tabasco",0,0,29,0,0,1.12740141360587
"156","2020-02-28","Tamaulipas",0,0,26,0,0,0.712211301040212
"157","2020-02-28","Tlaxcala",0,0,43,0,0,3.11591719196441
"158","2020-02-28","Veracruz de Ignacio de la Llave",1,0,118,0.0117097910949849,0,1.38175534920822
"159","2020-02-28","Yucatán",4,1,10,0.177061818477994,0.0442654546194986,0.442654546194986
"160","2020-02-28","Zacatecas",0,0,55,0,0,3.30047658881943
"161","2020-03-13","Aguascalientes",22,0,61,1.53349109703862,0,4.25195258724345
"162","2020-03-13","Baja California",73,13,127,2.00832602449387,0.357647100252334,3.49393705631126
"163","2020-03-13","Baja California Sur",17,2,80,2.11256754002694,0.248537357650228,9.94149430600914
"164","2020-03-13","Campeche",3,0,14,0.299815014136278,0,1.39913673263596
"165","2020-03-13","Chiapas",9,1,44,0.157058003440268,0.0174508892711409,0.767839127930201
"166","2020-03-13","Chihuahua",20,3,49,0.526109914357198,0.0789164871535796,1.28896929017513
"167","2020-03-13","Ciudad de México",540,56,586,5.98759569757985,0.620935850119392,6.4976501458922
"168","2020-03-13","Coahuila de Zaragoza",27,4,77,0.838842769796689,0.124273002932843,2.39225530645723
"169","2020-03-13","Colima",2,0,28,0.254727422553311,0,3.56618391574636
"170","2020-03-13","Durango",6,2,35,0.321027974377687,0.107009324792562,1.87266318386984
"171","2020-03-13","Guanajuato",43,1,83,0.690410914914883,0.0160560677887182,1.33265362646361
"172","2020-03-13","Guerrero",23,3,36,0.62892256267897,0.0820333777407351,0.984400532888822
"173","2020-03-13","Hidalgo",15,3,72,0.486000905905689,0.0972001811811377,2.33280434834731
"174","2020-03-13","Jalisco",90,5,201,1.07019364440533,0.0594552024669628,2.39009913917191
"175","2020-03-13","México",259,24,386,1.48613220609154,0.137711092456358,2.2148534036731
"176","2020-03-13","Michoacán de Ocampo",21,2,98,0.435196991918392,0.0414473325636564,2.03091929561916
"177","2020-03-13","Morelos",13,4,36,0.635989781111886,0.195689163419042,1.76120247077138
"178","2020-03-13","Nayarit",5,0,34,0.388026736594258,0,2.63858180884096
"179","2020-03-13","Nuevo León",73,3,87,1.30121228422826,0.0534744774340379,1.5507598455871
"180","2020-03-13","Oaxaca",12,0,72,0.289603732799047,0,1.73762239679428
"181","2020-03-13","Puebla",86,11,130,1.30215213951924,0.16655434342688,1.96836951322676
"182","2020-03-13","Querétaro",24,2,62,1.05279919566141,0.0877332663051179,2.71973125545865
"183","2020-03-13","Quintana Roo",60,7,96,3.48177493922852,0.406207076243327,5.57083990276563
"184","2020-03-13","San Luis Potosí",23,3,95,0.802472452516309,0.104670319893432,3.31456012995867
"185","2020-03-13","Sinaloa",41,10,128,1.29883541981212,0.316789126783444,4.05490082282808
"186","2020-03-13","Sonora",23,2,104,0.748029511390375,0.0650460444687283,3.38239431237387
"187","2020-03-13","Tabasco",43,4,54,1.67166416500181,0.155503643255982,2.09929918395576
"188","2020-03-13","Tamaulipas",13,1,46,0.356105650520106,0.0273927423477005,1.26006614799422
"189","2020-03-13","Tlaxcala",2,0,41,0.144926381021601,0,2.97099081094281
"190","2020-03-13","Veracruz de Ignacio de la Llave",31,1,167,0.363003523944532,0.0117097910949849,1.95553511286248
"191","2020-03-13","Yucatán",53,3,52,2.34606909483342,0.132796363858496,2.30180364021393
"192","2020-03-13","Zacatecas",12,2,66,0.720103983015147,0.120017330502525,3.96057190658331
"193","2020-03-27","Aguascalientes",45,3,61,3.13668633485172,0.209112422323448,4.25195258724345
"194","2020-03-27","Baja California",509,117,491,14.0032595406491,3.218823902271,13.5080558633766
"195","2020-03-27","Baja California Sur",161,10,87,20.0072572908434,1.24268678825114,10.8113750577849
"196","2020-03-27","Campeche",20,4,28,1.99876676090852,0.399753352181704,2.79827346527193
"197","2020-03-27","Chiapas",35,6,52,0.610781124489932,0.104705335626846,0.907446242099328
"198","2020-03-27","Chihuahua",108,44,222,2.84099353752887,1.15744181158583,5.83982004936489
"199","2020-03-27","Ciudad de México",1312,247,1570,14.5476399170829,2.73877062463374,17.4083800837044
"200","2020-03-27","Coahuila de Zaragoza",188,23,193,5.84083113784362,0.714569766863847,5.99617239150967
"201","2020-03-27","Colima",5,0,29,0.636818556383278,0,3.69354762702301
"202","2020-03-27","Durango",11,3,63,0.588551286359093,0.160513987188844,3.37079373096572
"203","2020-03-27","Guanajuato",52,8,190,0.834915525013347,0.128448542309746,3.05065287985646
"204","2020-03-27","Guerrero",53,12,75,1.44925634008632,0.328133510962941,2.05083444351838
"205","2020-03-27","Hidalgo",48,7,88,1.5552028988982,0.226800422755988,2.85120531464671
"206","2020-03-27","Jalisco",70,11,329,0.83237283453748,0.130801445427318,3.91215232232615
"207","2020-03-27","México",831,150,1325,4.76824657630141,0.860694327852241,7.60279989602813
"208","2020-03-27","Michoacán de Ocampo",47,15,182,0.974012315245925,0.310854994227423,3.77170726329273
"209","2020-03-27","Morelos",52,12,96,2.54395912444755,0.587067490257126,4.69653992205701
"210","2020-03-27","Nayarit",22,6,47,1.70731764101474,0.46563208391311,3.64745132398603
"211","2020-03-27","Nuevo León",56,6,202,0.998190245435374,0.106948954868076,3.60061481389188
"212","2020-03-27","Oaxaca",36,6,89,0.86881119839714,0.144801866399523,2.14789435159293
"213","2020-03-27","Puebla",224,49,244,3.39165208432919,0.74192389344701,3.69447816328715
"214","2020-03-27","Querétaro",32,4,82,1.40373226088189,0.175466532610236,3.59706391850983
"215","2020-03-27","Quintana Roo",230,50,255,13.3468039337093,2.90147911602377,14.7975434917212
"216","2020-03-27","San Luis Potosí",37,2,160,1.29093394535232,0.0697802132622878,5.58241706098302
"217","2020-03-27","Sinaloa",259,79,330,8.20483838369119,2.5026341015892,10.4540411838536
"218","2020-03-27","Sonora",69,15,161,2.24408853417113,0.487845333515462,5.23620657973263
"219","2020-03-27","Tabasco",177,31,114,6.8810362140772,1.20515323523386,4.43185383279549
"220","2020-03-27","Tamaulipas",69,7,87,1.89009922199133,0.191749196433903,2.38316858424994
"221","2020-03-27","Tlaxcala",48,8,61,3.47823314451841,0.579705524086402,4.42025462115882
"222","2020-03-27","Veracruz de Ignacio de la Llave",76,12,220,0.889944123218853,0.140517493139819,2.57615404089668
"223","2020-03-27","Yucatán",79,10,69,3.49697091494039,0.442654546194986,3.0543163687454
"224","2020-03-27","Zacatecas",6,3,58,0.360051991507574,0.180025995753787,3.48050258457321
"225","2020-04-10","Aguascalientes",106,8,70,7.38863892209517,0.557633126195862,4.87928985421379
"226","2020-04-10","Baja California",1124,299,1048,30.9227185141249,8.22588330580368,28.8318585434189
"227","2020-04-10","Baja California Sur",118,12,91,14.6637041013635,1.49122414590137,11.3084497730854
"228","2020-04-10","Campeche",50,14,56,4.9969169022713,1.39913673263596,5.59654693054385
"229","2020-04-10","Chiapas",84,9,80,1.46587469877584,0.157058003440268,1.39607114169127
"230","2020-04-10","Chihuahua",396,93,514,10.4169763042725,2.44641110176097,13.52102479898
"231","2020-04-10","Ciudad de México",3929,754,3096,43.5653027699837,8.36045769625038,34.3288819994578
"232","2020-04-10","Coahuila de Zaragoza",174,28,208,5.40587562757866,0.8699110205299,6.46219615250783
"233","2020-04-10","Colima",16,5,37,2.03781938042649,0.636818556383278,4.71245731723626
"234","2020-04-10","Durango",26,3,72,1.39112122230331,0.160513987188844,3.85233569253225
"235","2020-04-10","Guanajuato",132,21,186,2.1194009481108,0.337177423563082,2.98642860870159
"236","2020-04-10","Guerrero",140,34,149,3.82822429456764,0.929711614394998,4.07432442778985
"237","2020-04-10","Hidalgo",132,41,156,4.27680797197006,1.32840247614222,5.05440942141916
"238","2020-04-10","Jalisco",129,18,329,1.53394422364764,0.214038728881066,3.91215232232615
"239","2020-04-10","México",2608,664,3168,14.9646053802576,3.81000689129259,18.1778642042393
"240","2020-04-10","Michoacán de Ocampo",180,36,225,3.73025993072907,0.746051986145815,4.66282491341134
"241","2020-04-10","Morelos",187,67,221,9.14846838984021,3.27779348726895,10.8118262789021
"242","2020-04-10","Nayarit",38,8,65,2.94900319811636,0.620842778550813,5.04434757572536
"243","2020-04-10","Nuevo León",154,17,282,2.74502317494728,0.303022038792881,5.02660087879956
"244","2020-04-10","Oaxaca",75,17,98,1.81002332999404,0.410271954798649,2.36509715119221
"245","2020-04-10","Puebla",327,93,406,4.9512063909627,1.40814126715453,6.14736940284666
"246","2020-04-10","Querétaro",63,10,95,2.76359788861121,0.438666331525589,4.1673301494931
"247","2020-04-10","Quintana Roo",433,129,359,25.1268091447658,7.48581611934132,20.8326200530506
"248","2020-04-10","San Luis Potosí",30,3,136,1.04670319893432,0.104670319893432,4.74505450183557
"249","2020-04-10","Sinaloa",606,127,490,19.1974210830767,4.02322191014973,15.5226672123887
"250","2020-04-10","Sonora",192,26,190,6.24442026899792,0.845598578093468,6.17937422452919
"251","2020-04-10","Tabasco",661,127,296,25.696977048051,4.93724067337743,11.5072696009427
"252","2020-04-10","Tamaulipas",246,17,138,6.73861461753431,0.465676619910908,3.78019844398266
"253","2020-04-10","Tlaxcala",104,28,118,7.53617181312323,2.02896933430241,8.55065648027443
"254","2020-04-10","Veracruz de Ignacio de la Llave",357,85,416,4.18039542090961,0.995332243073717,4.87127309551372
"255","2020-04-10","Yucatán",210,35,137,9.2957454700947,1.54929091168245,6.0643672828713
"256","2020-04-10","Zacatecas",47,6,56,2.82040726680933,0.360051991507574,3.36048525407069
"257","2020-04-24","Aguascalientes",217,8,78,15.1257985480627,0.557633126195862,5.43692298040965
"258","2020-04-24","Baja California",1392,432,1201,38.2957510424037,11.8848882545391,33.0410898002348
"259","2020-04-24","Baja California Sur",106,8,69,13.1724799554621,0.994149430600914,8.57453883893288
"260","2020-04-24","Campeche",133,27,114,13.2917989600417,2.6983351272265,11.3929705371786
"261","2020-04-24","Chiapas",274,38,182,4.78154366029261,0.663133792303355,3.17606184734765
"262","2020-04-24","Chihuahua",832,176,843,21.8861724372594,4.62976724634334,22.1755328901559
"263","2020-04-24","Ciudad de México",7355,1286,4836,81.5532710290737,14.2593482723846,53.6222459138817
"264","2020-04-24","Coahuila de Zaragoza",203,21,180,6.30685489884178,0.652433265397425,5.59228513197793
"265","2020-04-24","Colima",22,5,36,2.80200164808642,0.636818556383278,4.5850936059596
"266","2020-04-24","Durango",73,13,124,3.90584035492853,0.695560611151656,6.63457813713887
"267","2020-04-24","Guanajuato",259,54,270,4.15852155727802,0.867027660590783,4.33513830295392
"268","2020-04-24","Guerrero",456,104,380,12.4690734165917,2.84382376167882,10.3908945138265
"269","2020-04-24","Hidalgo",405,132,333,13.1220244594536,4.27680797197006,10.7892201111063
"270","2020-04-24","Jalisco",314,45,434,3.73378671492527,0.535096822202665,5.16071157413237
"271","2020-04-24","México",4730,1106,5401,27.140561138274,6.34618617736385,30.9907337648663
"272","2020-04-24","Michoacán de Ocampo",408,56,277,8.4552558429859,1.16052531178238,5.74045556006641
"273","2020-04-24","Morelos",568,193,547,27.787861205504,9.44200213496877,26.760493097554
"274","2020-04-24","Nayarit",149,17,86,11.5631967505089,1.31929090442048,6.67405986942124
"275","2020-04-24","Nuevo León",266,40,362,4.74140366581803,0.712993032453839,6.45258694370724
"276","2020-04-24","Oaxaca",225,52,220,5.43006998998212,1.25494950879587,5.30940176798252
"277","2020-04-24","Puebla",590,178,640,8.93336932925992,2.69515210272587,9.69043452665483
"278","2020-04-24","Querétaro",105,18,109,4.60599648101869,0.789599396746061,4.78146301362892
"279","2020-04-24","Quintana Roo",528,124,349,30.639619465211,7.19566820773894,20.2523242298459
"280","2020-04-24","San Luis Potosí",177,19,146,6.17554887371247,0.662912025991734,5.09395556814701
"281","2020-04-24","Sinaloa",854,174,599,27.0537914273061,5.51213080603192,18.9756686943283
"282","2020-04-24","Sonora",495,43,242,16.0988960060103,1.39848995607766,7.87057138071612
"283","2020-04-24","Tabasco",924,217,544,35.9213415921318,8.43607264663702,21.1484954828135
"284","2020-04-24","Tamaulipas",481,39,208,13.1759090692439,1.06831695156032,5.6976904083217
"285","2020-04-24","Tlaxcala",229,49,157,16.5940706269733,3.55069633502921,11.3767209101956
"286","2020-04-24","Veracruz de Ignacio de la Llave",1078,257,884,12.6231548003937,3.00941631141112,10.3514553279667
"287","2020-04-24","Yucatán",470,54,198,20.8047636711643,2.39033454945292,8.76456001466072
"288","2020-04-24","Zacatecas",74,9,90,4.44064122859341,0.540077987261361,5.40077987261361
"289","2020-05-08","Aguascalientes",253,22,106,17.6351476159441,1.53349109703862,7.38863892209517
"290","2020-05-08","Baja California",1717,474,1071,47.2369285487121,13.0403635015082,29.4646187977115
"291","2020-05-08","Baja California Sur",145,10,61,18.0189584296416,1.24268678825114,7.58038940833197
"292","2020-05-08","Campeche",253,39,129,25.2843995254928,3.89759518377161,12.89204560786
"293","2020-05-08","Chiapas",758,114,354,13.2277740675248,1.98940137691007,6.17761480198389
"294","2020-05-08","Chihuahua",963,166,772,25.3321923762991,4.36671228916474,20.3078426941878
"295","2020-05-08","Ciudad de México",10724,1568,5337,118.909215297863,17.386203803343,59.1774041444142
"296","2020-05-08","Coahuila de Zaragoza",403,18,198,12.5205050454839,0.559228513197793,6.15151364517572
"297","2020-05-08","Colima",65,14,84,8.27864123298262,1.78309195787318,10.6985517472391
"298","2020-05-08","Durango",135,26,145,7.22312942349796,1.39112122230331,7.75817604746078
"299","2020-05-08","Guanajuato",579,62,376,9.29646324966784,0.995476202900529,6.03708148855804
"300","2020-05-08","Guerrero",1018,244,602,27.8366595133561,6.67204805624646,16.4613644666409
"301","2020-05-08","Hidalgo",734,162,447,23.781644328985,5.24880978378144,14.4828269959895
"302","2020-05-08","Jalisco",579,82,588,6.88491244567429,0.97506532045819,6.99193181011483
"303","2020-05-08","México",7236,1496,6666,41.5198943755921,8.58399142977968,38.2492559297536
"304","2020-05-08","Michoacán de Ocampo",871,95,331,18.0503133314723,1.96874829677368,6.85953353928513
"305","2020-05-08","Morelos",657,180,564,32.1419450915776,8.80601235385689,27.5921720420849
"306","2020-05-08","Nayarit",211,27,133,16.3747282842777,2.09534437760899,10.3215111934073
"307","2020-05-08","Nuevo León",592,64,485,10.5522968803168,1.14078885192614,8.64504051850279
"308","2020-05-08","Oaxaca",801,115,292,19.3310491643364,2.77536910599086,7.0470241647768
"309","2020-05-08","Puebla",1371,334,946,20.7587277125684,5.05719551859799,14.3236735347117
"310","2020-05-08","Querétaro",454,72,262,19.9154514512618,3.15839758698424,11.4930578859704
"311","2020-05-08","Quintana Roo",431,89,310,25.0107499801249,5.1646328265223,17.9891705193474
"312","2020-05-08","San Luis Potosí",371,29,199,12.9442295601544,1.01181309230317,6.94313121959763
"313","2020-05-08","Sinaloa",1338,312,802,42.3863851636248,9.88382075564344,25.4064879680322
"314","2020-05-08","Sonora",1483,166,526,48.231641973562,5.39882169090445,17.1071096952755
"315","2020-05-08","Tabasco",1624,266,585,63.1344791619287,10.3409922765228,22.7424078261874
"316","2020-05-08","Tamaulipas",643,63,234,17.6135333295714,1.72574276790513,6.40990170936191
"317","2020-05-08","Tlaxcala",453,85,227,32.8258253013925,6.15937119341802,16.4491442459517
"318","2020-05-08","Veracruz de Ignacio de la Llave",1898,479,1270,22.2251834982814,5.60898993449777,14.8714346906308
"319","2020-05-08","Yucatán",640,89,285,28.3298909564791,3.93962546113537,12.6156545665571
"320","2020-05-08","Zacatecas",105,13,115,6.30090985138254,0.78011264826641,6.90099650389516
"321","2020-05-22","Aguascalientes",475,49,173,33.1094668678793,3.41550289794965,12.0588163539855
"322","2020-05-22","Baja California",1814,400,1005,49.9055261429026,11.0045261616103,27.6488719810458
"323","2020-05-22","Baja California Sur",213,17,87,26.4692285897493,2.11256754002694,10.8113750577849
"324","2020-05-22","Campeche",353,50,172,35.2782333300354,4.9969169022713,17.1893941438133
"325","2020-05-22","Chiapas",1539,229,660,26.8569185882859,3.99625364309127,11.517586918953
"326","2020-05-22","Chihuahua",945,149,596,24.8586934533776,3.91951886196112,15.6780754478445
"327","2020-05-22","Ciudad de México",11588,1442,5032,128.489368413991,15.9890981405743,55.7955213892996
"328","2020-05-22","Coahuila de Zaragoza",793,46,294,24.6371228314361,1.42913953372769,9.13406571556395
"329","2020-05-22","Colima",104,15,100,13.2458259727722,1.91045566914983,12.7363711276656
"330","2020-05-22","Durango",369,39,201,19.7432204242278,2.08668183345497,10.7544371416525
"331","2020-05-22","Guanajuato",1524,129,583,24.4694473100065,2.07123274474465,9.36068752082271
"332","2020-05-22","Guerrero",1605,362,785,43.8878570912933,9.89869424738204,21.4654005088257
"333","2020-05-22","Hidalgo",1012,159,497,32.7888611184371,5.1516096026003,16.1028300156751
"334","2020-05-22","Jalisco",1688,223,1005,20.0720763528467,2.65170203002654,11.9504956958595
"335","2020-05-22","México",9447,1742,6610,54.2065287681341,9.99553012745735,37.9279300473554
"336","2020-05-22","Michoacán de Ocampo",1392,135,464,28.8473434643048,2.7976949480468,9.61578115476828
"337","2020-05-22","Morelos",731,132,472,35.7621946148299,6.45774239282838,23.0913212834469
"338","2020-05-22","Nayarit",359,63,206,27.8603196874677,4.88913688108765,15.9867015476834
"339","2020-05-22","Nuevo León",837,69,527,14.9193792040966,1.22991298098287,9.39368320257932
"340","2020-05-22","Oaxaca",1489,193,428,35.9349965114817,4.65779336918467,10.329199803166
"341","2020-05-22","Puebla",2160,415,1202,32.70521652746,6.28364113837774,18.1998473453736
"342","2020-05-22","Querétaro",511,79,316,22.4158495409576,3.46546401905216,13.8618560762086
"343","2020-05-22","Quintana Roo",570,121,301,33.0768619226709,7.02157946077751,17.4669042784631
"344","2020-05-22","San Luis Potosí",601,61,237,20.9689540853175,2.12829650449978,8.2689552715811
"345","2020-05-22","Sinaloa",2204,406,1076,69.820323543071,12.8616385474078,34.0865100418985
"346","2020-05-22","Sonora",2948,374,928,95.8778695469055,12.1636103156522,30.1813646334899
"347","2020-05-22","Tabasco",2237,268,532,86.9654124909079,10.4187440981508,20.6819845530456
"348","2020-05-22","Tamaulipas",1142,92,332,31.2825117610739,2.52013229598844,9.09439045943655
"349","2020-05-22","Tlaxcala",611,120,342,44.275009402099,8.69558286129603,24.7824111546937
"350","2020-05-22","Veracruz de Ignacio de la Llave",2436,497,1396,28.5250511073832,5.8197661742075,16.3468683685989
"351","2020-05-22","Yucatán",678,100,293,30.01197823202,4.42654546194986,12.9697782035131
"352","2020-05-22","Zacatecas",138,26,141,8.28119580467419,1.56022529653282,8.46122180042798
"353","2020-06-05","Aguascalientes",753,57,251,52.4872180031855,3.97313602414551,17.4957393343952
"354","2020-06-05","Baja California",1976,362,989,54.3623592383547,9.95909617625729,27.2086909345814
"355","2020-06-05","Baja California Sur",452,20,110,56.1694428289516,2.48537357650228,13.6695546707626
"356","2020-06-05","Campeche",791,93,249,79.0512253939319,9.29426543822462,24.8846461733111
"357","2020-06-05","Chiapas",1393,270,923,24.3090887546993,4.71174010320805,16.1071707972631
"358","2020-06-05","Chihuahua",787,126,498,20.7024251299557,3.31449246045034,13.1001368674942
"359","2020-06-05","Ciudad de México",11325,1206,4489,125.573187546466,13.3722970579283,49.7746612711777
"360","2020-06-05","Coahuila de Zaragoza",1565,100,372,48.6218123974748,3.10682507332107,11.5573892727544
"361","2020-06-05","Colima",189,27,130,24.0717414312879,3.4388202044697,16.5572824659652
"362","2020-06-05","Durango",765,72,254,40.9310667331551,3.85233569253225,13.5901842486554
"363","2020-06-05","Guanajuato",2898,315,987,46.5304844517054,5.05766135344623,15.8473389074649
"364","2020-06-05","Guerrero",1724,346,745,47.1418477416758,9.46118289943145,20.3716221389492
"365","2020-06-05","Hidalgo",998,155,511,32.3352602729251,5.02200936102545,16.5564308611871
"366","2020-06-05","Jalisco",2801,392,1566,33.3068044219926,4.66128787340989,18.6213694126528
"367","2020-06-05","México",10239,1652,6586,58.7509948191939,9.47911353074601,37.790218954899
"368","2020-06-05","Michoacán de Ocampo",2143,213,649,44.4108168419578,4.4141409180294,13.4496594169065
"369","2020-06-05","Morelos",691,127,454,33.8053029806395,6.21313093855458,22.2107200480613
"370","2020-06-05","Nayarit",487,75,219,37.7938041442808,5.82040104891387,16.9955710628285
"371","2020-06-05","Nuevo León",2456,162,871,43.7777721926657,2.88762178143805,15.5254232816823
"372","2020-06-05","Oaxaca",2354,270,751,56.810598917413,6.51608398797855,18.1243669443403
"373","2020-06-05","Puebla",3772,593,1385,57.1129984914719,8.97879324110361,20.970705967839
"374","2020-06-05","Querétaro",575,95,334,25.2233140627214,4.1673301494931,14.6514554729547
"375","2020-06-05","Quintana Roo",717,116,343,41.6072105237808,6.73143154917514,19.904146735923
"376","2020-06-05","San Luis Potosí",1077,74,333,37.576644841742,2.58186789070465,11.6184055081709
"377","2020-06-05","Sinaloa",2687,451,1202,85.1212383667113,14.2871896179333,38.0780530393699
"378","2020-06-05","Sonora",3569,585,1432,116.074666354446,19.025968007103,46.5729678396095
"379","2020-06-05","Tabasco",3409,286,515,132.527979964911,11.1185104928027,20.0210940692077
"380","2020-06-05","Tamaulipas",2251,225,645,61.6610630246737,6.1633670282326,17.6683188142668
"381","2020-06-05","Tlaxcala",721,139,392,52.245960358287,10.0723834810012,28.4055706802337
"382","2020-06-05","Veracruz de Ignacio de la Llave",2966,543,1494,34.7312403877252,6.3584165645768,17.4944278959075
"383","2020-06-05","Yucatán",947,131,373,41.9193855246652,5.79877455515431,16.511014573073
"384","2020-06-05","Zacatecas",309,42,196,18.54267756264,2.52036394055302,11.7616983892474
"385","2020-06-19","Aguascalientes",727,65,267,50.6749103430489,4.53076915034138,18.6110055867869
"386","2020-06-19","Baja California",2189,387,964,60.2222694194122,10.6468790613579,26.5209080494808
"387","2020-06-19","Baja California Sur",602,43,127,74.8097446527187,5.34355318947991,15.7821222107895
"388","2020-06-19","Campeche",1121,189,497,112.030876948923,18.8883458905855,49.6693540085767
"389","2020-06-19","Chiapas",950,210,708,16.5783448075839,3.66468674693959,12.3552296039678
"390","2020-06-19","Chihuahua",845,108,476,22.2281438815916,2.84099353752887,12.5214159617013
"391","2020-06-19","Ciudad de México",10397,823,3460,115.283393458773,9.12553936871891,38.3649650252338
"392","2020-06-19","Coahuila de Zaragoza",3024,190,525,93.9503902172292,5.90296763931004,16.3108316349356
"393","2020-06-19","Colima",295,38,158,37.5722948266134,4.83982102851291,20.1234663817116
"394","2020-06-19","Durango",931,66,276,49.8128406909378,3.53130771815456,14.7672868213736
"395","2020-06-19","Guanajuato",4467,481,1231,71.7224548122042,7.72296860637346,19.7650194479121
"396","2020-06-19","Guerrero",2299,263,587,62.86491180865,7.19159278193778,16.0511975779372
"397","2020-06-19","Hidalgo",1059,161,519,34.3116639569416,5.21640972338772,16.8156313443368
"398","2020-06-19","Jalisco",2652,398,1514,31.5350393884771,4.73263411637024,18.0030353069963
"399","2020-06-19","México",8656,1333,5379,49.66780067926,7.64870359351358,30.8644985967813
"400","2020-06-19","Michoacán de Ocampo",1820,137,577,37.7170726329273,2.83914228061046,11.9575554446149
"401","2020-06-19","Morelos",483,60,328,23.6294664828493,2.93533745128563,16.0465114003614
"402","2020-06-19","Nayarit",668,85,256,51.8403720089929,6.59645452210239,19.866968913626
"403","2020-06-19","Nuevo León",3889,320,1424,69.3207475803245,5.70394425963071,25.3825519553567
"404","2020-06-19","Oaxaca",2269,203,706,54.7592391434197,4.89912981318387,17.0383529463439
"405","2020-06-19","Puebla",4873,587,1617,73.7835741381078,8.88794541741622,24.4834884837513
"406","2020-06-19","Querétaro",547,70,312,23.9950483344497,3.07066432067913,13.6863895435984
"407","2020-06-19","Quintana Roo",1429,161,544,82.9242731359593,9.34276275359653,31.5680927823386
"408","2020-06-19","San Luis Potosí",1556,106,425,54.2890059180599,3.69835130290125,14.8282953182362
"409","2020-06-19","Sinaloa",2247,450,1263,71.1825167882398,14.255510705255,40.0104667127489
"410","2020-06-19","Sonora",4925,691,1588,160.175884504243,22.4734083639456,51.6465593081703
"411","2020-06-19","Tabasco",4249,394,736,165.183745048667,15.3171088607142,28.6126703591007
"412","2020-06-19","Tamaulipas",4569,437,1321,125.157439786643,11.9706284059451,36.1858126413123
"413","2020-06-19","Tlaxcala",944,148,450,68.4052518421955,10.7245521955984,32.6084357298601
"414","2020-06-19","Veracruz de Ignacio de la Llave",4078,595,1861,47.7525280853485,6.96732570151602,21.7919212277669
"415","2020-06-19","Yucatán",1941,222,638,85.9192474164467,9.82693092552868,28.2413600472401
"416","2020-06-19","Zacatecas",432,36,214,25.9237433885453,2.16031194904544,12.8418543637701
"417","2020-07-03","Aguascalientes",832,51,265,57.9938451243696,3.55491117949862,18.4715973052379
"418","2020-07-03","Baja California",2209,332,842,60.7724957274927,9.13375671413652,23.1645275701896
"419","2020-07-03","Baja California Sur",1259,66,229,156.454266640819,8.20173280245754,28.4575274509512
"420","2020-07-03","Campeche",1222,202,541,122.124649091511,20.187544285176,54.0666408825754
"421","2020-07-03","Chiapas",680,128,434,11.8666047043758,2.23371382670604,7.57368594367516
"422","2020-07-03","Chihuahua",1263,148,638,33.223841091657,3.89321336624326,16.7829062679946
"423","2020-07-03","Ciudad de México",11443,742,3188,126.881588087789,8.22740001408194,35.3489908960825
"424","2020-07-03","Coahuila de Zaragoza",3932,305,776,122.160361882985,9.47581647362927,24.1089625689715
"425","2020-07-03","Colima",510,72,210,64.9554927510944,9.17018721191921,26.7463793680977
"426","2020-07-03","Durango",902,74,260,48.2612054814456,3.95934501732481,13.9112122230331
"427","2020-07-03","Guanajuato",5976,537,1466,95.95106110538,8.62210840254168,23.5381953782609
"428","2020-07-03","Guerrero",2131,191,540,58.2710426551689,5.22279171616014,14.7660079933323
"429","2020-07-03","Hidalgo",1162,201,578,37.648870177494,6.51241213913623,18.7272349075659
"430","2020-07-03","Jalisco",3088,446,1685,36.7195330435962,5.30340406005308,20.0364032313665
"431","2020-07-03","México",8196,1180,4815,47.0283380738464,6.77079537910429,27.6282879240569
"432","2020-07-03","Michoacán de Ocampo",1635,149,658,33.8831943707891,3.0878262759924,13.6361724134429
"433","2020-07-03","Morelos",448,67,308,21.9171863029327,3.27779348726895,15.0680655832662
"434","2020-07-03","Nayarit",787,96,280,61.0754083399363,7.45011334260976,21.7294972492785
"435","2020-07-03","Nuevo León",6201,470,1840,110.531744856156,8.3776681313326,32.7976794928766
"436","2020-07-03","Oaxaca",2479,219,677,59.827304467403,5.2852681235826,16.3384772587462
"437","2020-07-03","Puebla",4524,699,1775,68.4992590602913,10.5837714595808,26.8758145075192
"438","2020-07-03","Querétaro",808,87,365,35.4442395872676,3.81639708427263,16.011321100684
"439","2020-07-03","Quintana Roo",1951,271,709,113.215715107247,15.7260168088488,41.142973865217
"440","2020-07-03","San Luis Potosí",3221,247,622,112.381033458914,8.61785633789254,21.7016463245715
"441","2020-07-03","Sinaloa",2104,420,1224,66.6524322752365,13.3051433249046,38.7749891182935
"442","2020-07-03","Sonora",5656,595,1437,183.950213757564,19.3511982294467,46.7355829507813
"443","2020-07-03","Tabasco",5036,534,951,195.779086859281,20.7597363746736,36.9709911841097
"444","2020-07-03","Tamaulipas",5535,471,1748,151.618828894522,12.9019816457669,47.8825136237804
"445","2020-07-03","Tlaxcala",1099,220,533,79.6370463713695,15.9419019123761,38.6228805422565
"446","2020-07-03","Veracruz de Ignacio de la Llave",5269,807,2262,61.6988892794755,9.44980141365282,26.4875474568559
"447","2020-07-03","Yucatán",2361,371,850,104.510738356636,16.422483663834,37.6256364265738
"448","2020-07-03","Zacatecas",686,87,322,41.1659443623659,5.22075387685982,19.3227902109065
"449","2020-07-17","Aguascalientes",790,60,283,55.0662712118413,4.18224844646896,19.7262718391786
"450","2020-07-17","Baja California",1711,269,725,47.0718606562879,7.40054384368291,19.9457036679186
"451","2020-07-17","Baja California Sur",1470,111,348,182.674957872918,13.7938233495877,43.2455002311397
"452","2020-07-17","Campeche",990,179,453,98.9389546649717,17.8889625101313,45.272067134578
"453","2020-07-17","Chiapas",522,81,269,9.10936419953556,1.41352203096241,4.69428921393691
"454","2020-07-17","Chihuahua",1402,142,594,36.8803049964395,3.7353803919361,15.6254644564088
"455","2020-07-17","Ciudad de México",12850,705,3009,142.482601322039,7.81713882739591,33.3642138037366
"456","2020-07-17","Coahuila de Zaragoza",4040,346,935,125.515732962171,10.7496147536909,29.048814435552
"457","2020-07-17","Colima",815,94,278,103.801424690474,11.9721888600056,35.4071117349103
"458","2020-07-17","Durango",1063,78,285,56.8754561272469,4.17336366690993,15.2488287829401
"459","2020-07-17","Guanajuato",6361,533,1345,102.132647204037,8.5578841313868,21.595411175826
"460","2020-07-17","Guerrero",2189,155,476,59.8570212914898,4.23839118327132,13.01596260153
"461","2020-07-17","Hidalgo",1696,260,691,54.9505024277365,8.42401570236527,22.3884417320554
"462","2020-07-17","Jalisco",3260,444,1657,38.7647920084598,5.2796219790663,19.7034540975515
"463","2020-07-17","México",8266,1053,4390,47.4299954268441,6.04207418152273,25.1896539951422
"464","2020-07-17","Michoacán de Ocampo",2152,180,770,44.5973298384943,3.73025993072907,15.9572230370077
"465","2020-07-17","Morelos",482,74,323,23.5805441919946,3.62024952325228,15.8018999460876
"466","2020-07-17","Nayarit",846,104,330,65.6541238317485,8.07095612116057,25.609764615221
"467","2020-07-17","Nuevo León",5675,587,1833,101.155886479388,10.4631727512601,32.6729057121972
"468","2020-07-17","Oaxaca",2026,183,577,48.894763554239,4.41645692518546,13.9251128187542
"469","2020-07-17","Puebla",4492,614,1798,68.0147373339586,9.29676062400947,27.2240644983209
"470","2020-07-17","Querétaro",919,99,430,40.3134358672017,4.34279668210333,18.8626522556003
"471","2020-07-17","Quintana Roo",1832,245,621,106.310194811111,14.2172476685165,36.0363706210152
"472","2020-07-17","San Luis Potosí",4898,382,855,170.891742279343,13.328020733097,29.831041169628
"473","2020-07-17","Sinaloa",1742,326,1036,55.1846658856759,10.3273255331403,32.8193535347648
"474","2020-07-17","Sonora",4640,298,917,150.90682316745,9.69186062584052,29.8236113889119
"475","2020-07-17","Tabasco",4869,390,782,189.286809753344,15.1616052174582,30.4009622565445
"476","2020-07-17","Tamaulipas",4486,485,1659,122.883842171784,13.2854800386347,45.4445595548351
"477","2020-07-17","Tlaxcala",1037,158,445,75.1443285596999,11.4491841007064,32.2461197773061
"478","2020-07-17","Veracruz de Ignacio de la Llave",4990,692,2143,58.4318575639747,8.10317543772956,25.0940823165527
"479","2020-07-17","Yucatán",2997,342,905,132.663567494637,15.1387854798685,40.0602364306462
"480","2020-07-17","Zacatecas",1044,125,345,62.6490465223178,7.50108315640778,20.7029895116855
"481","2020-07-31","Aguascalientes",654,74,336,45.5865080665117,5.15810641731172,23.4205913002262
"482","2020-07-31","Baja California",1546,183,570,42.5324936146237,5.0345707189367,15.6814497802946
"483","2020-07-31","Baja California Sur",1518,106,351,188.639854456523,13.1724799554621,43.6183062676151
"484","2020-07-31","Campeche",475,58,245,47.4707105715773,5.79642360663471,24.4848928211294
"485","2020-07-31","Chiapas",386,35,172,6.7360432586604,0.610781124489932,3.00155295463624
"486","2020-07-31","Chihuahua",1253,114,542,32.9607861344784,2.99882651183603,14.2575786790801
"487","2020-07-31","Ciudad de México",11107,565,2520,123.155972987073,6.26479920209743,27.9421132553726
"488","2020-07-31","Coahuila de Zaragoza",3910,334,903,121.476860366854,10.3767957448924,28.0546304120893
"489","2020-07-31","Colima",804,95,284,102.400423866431,12.0995525712823,36.1712940025702
"490","2020-07-31","Durango",1016,79,299,54.3607369946217,4.22686832930622,15.9978940564881
"491","2020-07-31","Guanajuato",4933,403,1105,79.2045824017469,6.47059531885344,17.7419549065336
"492","2020-07-31","Guerrero",1999,140,494,54.6615740345765,3.82822429456764,13.5081628679744
"493","2020-07-31","Hidalgo",1745,268,706,56.5381053870284,8.68321618551497,22.8744426379611
"494","2020-07-31","Jalisco",2877,420,1539,34.2105234994904,4.99423700722488,18.3003113193312
"495","2020-07-31","México",7362,842,3695,42.242877610988,4.83136416034391,21.2017702760935
"496","2020-07-31","Michoacán de Ocampo",2477,240,801,51.3325213800884,4.97367990763876,16.5996566917444
"497","2020-07-31","Morelos",535,67,298,26.1734256072969,3.27779348726895,14.5788426747186
"498","2020-07-31","Nayarit",758,107,319,58.8248532676896,8.30377216311713,24.7561057947137
"499","2020-07-31","Nuevo León",4311,473,1757,76.8428240727125,8.43114260876664,31.3182189505349
"500","2020-07-31","Oaxaca",1603,135,516,38.6862319730726,3.25804199398927,12.452960510359
"501","2020-07-31","Puebla",3227,412,1343,48.8609878398674,6.23821722653405,20.3347712020272
"502","2020-07-31","Querétaro",1118,114,421,49.0428958645609,5.00079617939172,18.4678525572273
"503","2020-07-31","Quintana Roo",1379,192,512,80.0227940199355,11.1416798055313,29.7111461480834
"504","2020-07-31","San Luis Potosí",3757,366,840,131.082130613208,12.7697790269987,29.3076895701609
"505","2020-07-31","Sinaloa",1474,259,844,46.6947172878796,8.20483838369119,26.7370023005226
"506","2020-07-31","Sonora",3694,182,594,120.140044133741,5.91919004665428,19.3186752072123
"507","2020-07-31","Tabasco",3075,180,479,119.543425753036,6.99766394651919,18.6215612799038
"508","2020-07-31","Tamaulipas",3249,296,1273,88.9990198876788,8.10825173491934,34.8709610086227
"509","2020-07-31","Tlaxcala",811,92,325,58.767647504259,6.66661352699363,23.5505369160101
"510","2020-07-31","Veracruz de Ignacio de la Llave",3417,476,1483,40.0123561715634,5.57386056121282,17.3656201938626
"511","2020-07-31","Yucatán",2342,293,787,103.669694718866,12.9697782035131,34.8369127855454
"512","2020-07-31","Zacatecas",1245,127,369,74.7107882378215,7.62110048691031,22.1431974777158
"513","2020-08-14","Aguascalientes",854,103,452,59.5273362214082,7.17952649977172,31.5062716300662
"514","2020-08-14","Baja California",1410,180,520,38.7909547196762,4.95203677272462,14.3058840100934
"515","2020-08-14","Baja California Sur",1332,84,269,165.525880195052,10.4385690213096,33.4282746039557
"516","2020-08-14","Campeche",382,37,174,38.1764451333527,3.69771850768076,17.3892708199041
"517","2020-08-14","Chiapas",254,11,138,4.43252587486979,0.19195978198255,2.40822271941745
"518","2020-08-14","Chihuahua",1458,110,539,38.3534127566397,2.89360452896459,14.1786621919265
"519","2020-08-14","Ciudad de México",12952,561,2592,143.613591620471,6.22044664137462,28.7404593483833
"520","2020-08-14","Coahuila de Zaragoza",3773,250,905,117.220510016404,7.76706268330268,28.1167669135557
"521","2020-08-14","Colima",912,101,284,116.15570468431,12.8637348389422,36.1712940025702
"522","2020-08-14","Durango",1192,89,278,63.7775575763672,4.76191495326903,14.8742961461662
"523","2020-08-14","Guanajuato",4895,281,935,78.5944518257756,4.51175504862982,15.0124233824515
"524","2020-08-14","Guerrero",1467,115,454,40.1143217152195,3.14461281339485,12.4143844980979
"525","2020-08-14","Hidalgo",1683,237,716,54.5293016426183,7.67881431330988,23.1984432418982
"526","2020-08-14","Jalisco",2926,377,1492,34.7931844836666,4.482922266009,17.7414324161417
"527","2020-08-14","México",6871,713,3561,39.4255381778183,4.09116703839098,20.4328833432122
"528","2020-08-14","Michoacán de Ocampo",2816,261,776,58.3578442496282,5.40887689955716,16.0815650346987
"529","2020-08-14","Morelos",467,54,272,22.8467098291731,2.64180370615707,13.3068631124949
"530","2020-08-14","Nayarit",683,95,355,53.0044522187757,7.37250799529091,27.5498982981923
"531","2020-08-14","Nuevo León",4955,449,1664,88.3220118952193,8.00334678929434,29.6605101500797
"532","2020-08-14","Oaxaca",1384,94,460,33.40096384949,2.26856257359253,11.1014764239635
"533","2020-08-14","Puebla",2685,329,1099,40.6544011001066,4.9814889988585,16.6402930387401
"534","2020-08-14","Querétaro",1279,119,436,56.1054238021229,5.22012934515451,19.1258520545157
"535","2020-08-14","Quintana Roo",1008,126,393,58.4938189790391,7.31172737237989,22.8056258519468
"536","2020-08-14","San Luis Potosí",3276,304,835,114.299989323627,10.6065924158677,29.1332390370051
"537","2020-08-14","Sinaloa",1484,229,811,47.011506414663,7.25447100334086,25.6915981821373
"538","2020-08-14","Sonora",2972,104,475,96.6584220805303,3.38239431237387,15.448435561323
"539","2020-08-14","Tabasco",2263,114,314,87.9761861720718,4.43185383279549,12.2070359955946
"540","2020-08-14","Tamaulipas",2549,220,1065,69.8241002442885,6.0264033164941,29.173270600301
"541","2020-08-14","Tlaxcala",724,62,215,52.4633499298194,4.49271781166962,15.5795859598221
"542","2020-08-14","Veracruz de Ignacio de la Llave",2735,408,1322,32.0262786447837,4.77759476675384,15.48034382757
"543","2020-08-14","Yucatán",2045,187,523,90.5228546968746,8.27764001384623,23.1508327659978
"544","2020-08-14","Zacatecas",1177,122,341,70.6301990007357,7.321057160654,20.4629548506804
"545","2020-08-28","Aguascalientes",778,100,396,54.2298215225475,6.97041407744827,27.6028397466952
"546","2020-08-28","Baja California",1561,160,500,42.9451633456841,4.40181046464411,13.7556577020128
"547","2020-08-28","Baja California Sur",1352,65,193,168.011253771554,8.07746412363242,23.983855013247
"548","2020-08-28","Campeche",212,21,113,21.1869276656303,2.09870509895395,11.2930321991331
"549","2020-08-28","Chiapas",194,14,111,3.38547251860134,0.244312449795973,1.93704870909664
"550","2020-08-28","Chihuahua",1466,123,554,38.5638567223826,3.23557597329677,14.5732446276944
"551","2020-08-28","Ciudad de México",14297,623,2674,158.527140163517,6.90791133257823,29.6496868432009
"552","2020-08-28","Coahuila de Zaragoza",2449,223,802,76.086146045633,6.92821991350599,24.916737088035
"553","2020-08-28","Colima",633,58,247,80.621229238123,7.38709525404603,31.4588366853339
"554","2020-08-28","Durango",1329,83,269,71.1076963246577,4.44088697889134,14.3927541845996
"555","2020-08-28","Guanajuato",5022,239,805,80.6335724349428,3.83740020150365,12.9251345699182
"556","2020-08-28","Guerrero",1906,97,437,52.1185393246137,2.65241254695044,11.9495286909004
"557","2020-08-28","Hidalgo",1257,171,581,40.7268759148967,5.54041032732485,18.824435088747
"558","2020-08-28","Jalisco",3103,386,1451,36.8978986509971,4.58994163044953,17.2538997559126
"559","2020-08-28","México",6975,675,3424,40.0222862451292,3.87312447533508,19.6467825237738
"560","2020-08-28","Michoacán de Ocampo",2845,231,763,58.9588305718012,4.78716691110231,15.8121573730349
"561","2020-08-28","Morelos",403,49,266,19.7156832144685,2.39719225188326,13.0133293673663
"562","2020-08-28","Nayarit",501,94,306,38.8802790067447,7.29490264797206,23.7472362795686
"563","2020-08-28","Nuevo León",5181,358,1391,92.3504225285835,6.38128764046186,24.7943327035822
"564","2020-08-28","Oaxaca",1355,92,457,32.7010881618924,2.22029528479269,11.0290754907637
"565","2020-08-28","Puebla",2095,253,933,31.7210317708467,3.83074989881824,14.126836583389
"566","2020-08-28","Querétaro",1401,140,464,61.4571530467351,6.14132864135825,20.3541177827873
"567","2020-08-28","Quintana Roo",814,89,328,47.2360800088669,5.1646328265223,19.0337030011159
"568","2020-08-28","San Luis Potosí",2580,195,625,90.0164751083512,6.80357079307306,21.8063166444649
"569","2020-08-28","Sinaloa",1390,198,750,44.0336886228987,6.27242471031218,23.7591845087583
"570","2020-08-28","Sonora",2133,59,280,69.3716064258987,1.91885831182748,9.10644622562196
"571","2020-08-28","Tabasco",1801,76,329,70.0155153760059,2.95456922186366,12.7901746578045
"572","2020-08-28","Tamaulipas",2353,172,872,64.4551227441392,4.71155168380448,23.8864713271948
"573","2020-08-28","Tlaxcala",517,50,211,37.4634694940837,3.62315952554001,15.2897331977789
"574","2020-08-28","Veracruz de Ignacio de la Llave",2490,329,1124,29.1573798265124,3.85252127025003,13.161805190763
"575","2020-08-28","Yucatán",1887,102,413,83.5289128669938,4.51507637118886,18.2816327578529
"576","2020-08-28","Zacatecas",1052,99,303,63.1291158443279,5.94085785987497,18.1826255711325
"577","2020-09-11","Aguascalientes",697,86,333,48.5837861198144,5.99455610660551,23.2114788779027
"578","2020-09-11","Baja California",1099,131,422,30.2349356290242,3.60398231792736,11.6097751004988
"579","2020-09-11","Baja California Sur",1110,37,173,137.938233495877,4.59794111652923,21.4984814367448
"580","2020-09-11","Campeche",183,16,82,18.288715862313,1.59901340872682,8.19494371972493
"581","2020-09-11","Chiapas",181,7,142,3.15861095807651,0.122156224897986,2.47802627650201
"582","2020-09-11","Chihuahua",1512,131,540,39.7739095254041,3.44601993903964,14.2049676876443
"583","2020-09-11","Ciudad de México",12707,524,2495,140.896997276198,5.81018545468859,27.664909750855
"584","2020-09-11","Coahuila de Zaragoza",1827,166,660,56.761694089576,5.15732962171298,20.5050454839191
"585","2020-09-11","Colima",661,73,245,84.1874131538694,9.29755092319586,31.2041092627806
"586","2020-09-11","Durango",1064,67,238,56.9289607896432,3.58481238055084,12.7341096503149
"587","2020-09-11","Guanajuato",3607,183,653,57.9142365139066,2.93826040533543,10.484612266033
"588","2020-09-11","Guerrero",2058,132,518,56.2748971301443,3.60946862059235,14.1644298899003
"589","2020-09-11","Hidalgo",1123,131,460,36.3852678221392,4.24440791157635,14.9040277811078
"590","2020-09-11","Jalisco",3052,335,1349,36.2914555858341,3.98349856528651,16.0410136255866
"591","2020-09-11","México",6325,597,3291,36.2926108244361,3.42556342485192,18.8836335530782
"592","2020-09-11","Michoacán de Ocampo",2298,189,636,47.6229851156412,3.91677292726553,13.1802517552427
"593","2020-09-11","Morelos",320,48,227,15.6551330735234,2.3482699610285,11.1053600240306
"594","2020-09-11","Nayarit",447,51,246,34.6895902515267,3.95787271326143,19.0909154404375
"595","2020-09-11","Nuevo León",4929,312,1304,87.8585664241243,5.56134565313994,23.2435728579951
"596","2020-09-11","Oaxaca",1756,95,461,42.3786795662605,2.29269621799245,11.1256100683634
"597","2020-09-11","Puebla",1746,195,867,26.4367166930302,2.95255426984014,13.1275105228277
"598","2020-09-11","Querétaro",1081,90,360,47.4198304379162,3.9479969837303,15.7919879349212
"599","2020-09-11","Quintana Roo",660,68,282,38.2995243315137,3.94601159779232,16.364342214374
"600","2020-09-11","San Luis Potosí",2173,160,573,75.8162017094757,5.58241706098302,19.9920310996454
"601","2020-09-11","Sinaloa",1182,137,610,37.444474785803,4.34001103693318,19.3241367337901
"602","2020-09-11","Sonora",1934,69,307,62.8995250012603,2.24408853417113,9.98456782594979
"603","2020-09-11","Tabasco",1589,65,335,61.7738222834388,2.52693420290971,13.0234301226885
"604","2020-09-11","Tamaulipas",1680,107,743,46.0198071441368,2.93102343120395,20.3528075643414
"605","2020-09-11","Tlaxcala",413,23,126,29.9272976809605,1.66665338174841,9.13036200436084
"606","2020-09-11","Veracruz de Ignacio de la Llave",2099,260,1005,24.5788515083733,3.04454568469608,11.7683400504598
"607","2020-09-11","Yucatán",1446,77,318,64.0078473797949,3.40844000570139,14.0764145690005
"608","2020-09-11","Zacatecas",914,93,282,54.8479200396537,5.58080586836739,16.922443600856
"609","2020-09-25","Aguascalientes",869,69,296,60.5728983330255,4.80958571343931,20.6324256692469
"610","2020-09-25","Baja California",1188,125,432,32.6834426999825,3.43891442550321,11.8848882545391
"611","2020-09-25","Baja California Sur",1025,28,140,127.375395795742,3.4795230071032,17.397615035516
"612","2020-09-25","Campeche",155,10,80,15.490442397041,0.99938338045426,7.99506704363408
"613","2020-09-25","Chiapas",148,10,100,2.58273161212886,0.174508892711409,1.74508892711409
"614","2020-09-25","Chihuahua",2785,264,858,73.2608055742398,6.94465086951501,22.5701153259238
"615","2020-09-25","Ciudad de México",12898,627,2657,143.014832050713,6.95226389330104,29.461188460129
"616","2020-09-25","Coahuila de Zaragoza",2542,139,659,78.9754933638216,4.31848685191629,20.4739772331859
"617","2020-09-25","Colima",733,63,194,93.3576003657886,8.0239138104293,24.7085599876712
"618","2020-09-25","Durango",1379,71,239,73.7829294444718,3.79883103013597,12.7876143127112
"619","2020-09-25","Guanajuato",2835,154,588,45.5189521810161,2.4726344394626,9.4409678597663
"620","2020-09-25","Guerrero",1710,142,529,46.759025312219,3.88291321306146,14.4652189416163
"621","2020-09-25","Hidalgo",1022,151,457,33.1128617223742,4.8924091194506,14.8068275999266
"622","2020-09-25","Jalisco",3177,284,1262,37.7778356475082,3.37705550012349,15.0064931026614
"623","2020-09-25","México",5325,588,2874,30.5546486387545,3.37392176518078,16.4909033216489
"624","2020-09-25","Michoacán de Ocampo",1878,162,523,38.9190452772733,3.35723393765617,10.8384774653961
"625","2020-09-25","Morelos",384,48,241,18.786159688228,2.3482699610285,11.7902720959973
"626","2020-09-25","Nayarit",367,55,215,28.4811624660186,4.26829410253684,16.6851496735531
"627","2020-09-25","Nuevo León",5450,335,1482,97.1453006718355,5.9713166468009,26.4163918524147
"628","2020-09-25","Oaxaca",1652,79,452,39.8687805486688,1.90655790759372,10.9084072687641
"629","2020-09-25","Puebla",1485,135,750,22.4848363626288,2.04407603296625,11.3559779609236
"630","2020-09-25","Querétaro",1350,91,377,59.2199547559546,3.99186361688286,16.5377206985147
"631","2020-09-25","Quintana Roo",706,65,233,40.9688851182556,3.7719228508309,13.5208926806708
"632","2020-09-25","San Luis Potosí",2115,152,514,73.7925755248693,5.30329620793387,17.933514808408
"633","2020-09-25","Sinaloa",1172,123,602,37.1276856590196,3.89650625943636,19.0707054323633
"634","2020-09-25","Sonora",1972,89,315,64.1353998461661,2.89454897885841,10.2447520038247
"635","2020-09-25","Tabasco",1079,33,270,41.9471077683011,1.28290505686185,10.4964959197788
"636","2020-09-25","Tamaulipas",1369,88,680,37.5006642740019,2.41056132659764,18.6270647964363
"637","2020-09-25","Tlaxcala",309,32,115,22.3911258678373,2.31882209634561,8.33326690874203
"638","2020-09-25","Veracruz de Ignacio de la Llave",1700,180,835,19.9066448614743,2.10776239709728,9.7776755643124
"639","2020-09-25","Yucatán",1314,75,310,58.1648073700211,3.31990909646239,13.7222909320446
"640","2020-09-25","Zacatecas",1112,84,285,66.7296357594037,5.04072788110603,17.1024695966098
"641","2020-10-09","Aguascalientes",1146,116,492,79.8809453275572,8.08568032983999,34.2944372610455
"642","2020-10-09","Baja California",1409,170,559,38.7634434042722,4.67692361868436,15.3788253108504
"643","2020-10-09","Baja California Sur",1108,30,146,137.689696138227,3.72806036475343,18.1432271084667
"644","2020-10-09","Campeche",136,9,71,13.5916139741779,0.899445042408834,7.09562200122524
"645","2020-10-09","Chiapas",106,4,107,1.84979426274094,0.0698035570845637,1.86724515201208
"646","2020-10-09","Chihuahua",7273,673,1644,191.319870355995,17.7035986181197,43.2462349601616
"647","2020-10-09","Ciudad de México",16118,643,2659,178.718643432578,7.1296741361923,29.4833647404904
"648","2020-10-09","Coahuila de Zaragoza",3584,292,966,111.348610627827,9.07192921409753,30.0119302082816
"649","2020-10-09","Colima",645,53,200,82.1495937734429,6.75027669766275,25.4727422553311
"650","2020-10-09","Durango",2698,134,345,144.355579145167,7.16962476110168,18.459108526717
"651","2020-10-09","Guanajuato",3704,191,718,59.4716750894122,3.06670894764518,11.5282566722997
"652","2020-10-09","Guerrero",1174,67,406,32.1023951558744,1.83207876954309,11.1018504542462
"653","2020-10-09","Hidalgo",1246,150,530,40.3704752505659,4.86000905905689,17.1720320086677
"654","2020-10-09","Jalisco",3510,398,1544,41.7375521318079,4.73263411637024,18.3597665217981
"655","2020-10-09","México",5199,647,2908,29.8316654033587,3.712461534136,16.6859940359621
"656","2020-10-09","Michoacán de Ocampo",1822,143,513,37.7585199654909,2.96348427830143,10.6312408025779
"657","2020-10-09","Morelos",399,44,228,19.5199940510494,2.15258079760946,11.1542823148854
"658","2020-10-09","Nayarit",341,47,221,26.4634234357284,3.64745132398603,17.1507817574662
"659","2020-10-09","Nuevo León",6619,373,1833,117.982522045299,6.64866002763204,32.6729057121972
"660","2020-10-09","Oaxaca",1617,78,430,39.0241029946715,1.8824242631938,10.3774670919658
"661","2020-10-09","Puebla",1724,151,750,26.1036080061764,2.28633689613262,11.3559779609236
"662","2020-10-09","Querétaro",2452,102,438,107.560984490075,4.47439658156101,19.2135853208208
"663","2020-10-09","Quintana Roo",548,38,200,31.8002111116205,2.20512412817806,11.6059164640951
"664","2020-10-09","San Luis Potosí",2814,216,611,98.1807600600389,7.53626303232708,21.3178551516289
"665","2020-10-09","Sinaloa",1313,140,604,41.5944123466661,4.43504777496821,19.13406325772
"666","2020-10-09","Sonora",1881,77,340,61.175804822839,2.50427271204604,11.0578275596838
"667","2020-10-09","Tabasco",1024,42,354,39.8089326735314,1.63278825418781,13.7620724281544
"668","2020-10-09","Tamaulipas",1415,118,777,38.7607304219962,3.23234359702865,21.2841608041633
"669","2020-10-09","Tlaxcala",347,40,167,25.1447271072477,2.89852762043201,12.1013528153036
"670","2020-10-09","Veracruz de Ignacio de la Llave",1527,167,766,17.880851002042,1.95553511286248,8.96969997875844
"671","2020-10-09","Yucatán",1427,79,291,63.1668037420245,3.49697091494039,12.8812472942741
"672","2020-10-09","Zacatecas",1815,125,377,108.915727431041,7.50108315640778,22.6232667997259
"673","2020-10-23","Aguascalientes",1770,135,565,123.376329170834,9.41005900455517,39.3828395375827
"674","2020-10-23","Baja California",1491,196,576,41.0193712674023,5.39221781918903,15.8465176727188
"675","2020-10-23","Baja California Sur",1002,30,133,124.517216182764,3.72806036475343,16.5277342837402
"676","2020-10-23","Campeche",139,3,57,13.8914289883142,0.299815014136278,5.69648526858928
"677","2020-10-23","Chiapas",69,4,96,1.20411135970872,0.0698035570845637,1.67528537002953
"678","2020-10-23","Chihuahua",6481,858,2080,170.48591774745,22.5701153259238,54.7154310931486
"679","2020-10-23","Ciudad de México",20379,692,3093,225.965208742555,7.67299300504677,34.2956175789157
"680","2020-10-23","Coahuila de Zaragoza",4155,416,1331,129.088581796491,12.9243923050157,41.3518417259035
"681","2020-10-23","Colima",427,26,125,54.384304715132,3.31145649319305,15.920463909582
"682","2020-10-23","Durango",3641,192,501,194.81047578486,10.272895180086,26.8058358605369
"683","2020-10-23","Guanajuato",5210,196,799,83.6521131792218,3.14698928658877,12.8287981631858
"684","2020-10-23","Guerrero",742,78,367,20.2895887612085,2.13286782125911,10.0354165436166
"685","2020-10-23","Hidalgo",1492,196,599,48.3408901074192,6.35041183716766,19.4076361758338
"686","2020-10-23","Jalisco",3320,365,1395,39.4782544380633,4.34022978008829,16.5880014882826
"687","2020-10-23","México",5850,695,3215,33.5670787862374,3.98788371904871,18.4475484269664
"688","2020-10-23","Michoacán de Ocampo",1595,114,483,33.054247719516,2.36249795612841,10.009530814123
"689","2020-10-23","Morelos",362,40,248,17.7098692894233,1.95689163419042,12.1327281319806
"690","2020-10-23","Nayarit",226,23,163,17.5388084940605,1.78492298833359,12.6496716129728
"691","2020-10-23","Nuevo León",5996,331,1772,106.87765556483,5.90001734355551,31.5855913377051
"692","2020-10-23","Oaxaca",1279,74,411,30.8669311874984,1.78588968559412,9.91892784836735
"693","2020-10-23","Puebla",1723,157,685,26.0884667022285,2.37718471982001,10.3717932043102
"694","2020-10-23","Querétaro",3140,112,484,137.741228099035,4.9130629130866,21.2314504458385
"695","2020-10-23","Quintana Roo",437,22,179,25.3589274740477,1.27665081105046,10.3872952353651
"696","2020-10-23","San Luis Potosí",2609,186,609,91.0282882006544,6.48955983339276,21.2480749383666
"697","2020-10-23","Sinaloa",1127,107,566,35.7021345884941,3.38964365658285,17.9302645759429
"698","2020-10-23","Sonora",1880,123,416,61.1432818006046,4.00033173482679,13.5295772494955
"699","2020-10-23","Tabasco",1018,24,248,39.5756772086474,0.933021859535892,9.64122588187088
"700","2020-10-23","Tamaulipas",1461,91,736,40.0207965699904,2.49273955364074,20.1610583679075
"701","2020-10-23","Tlaxcala",372,22,129,26.9563068700177,1.59419019123761,9.34775157589324
"702","2020-10-23","Veracruz de Ignacio de la Llave",1248,137,691,14.6138192865412,1.60424138001293,8.09146564663457
"703","2020-10-23","Yucatán",1178,64,278,52.1447055417693,2.83298909564791,12.3057963842206
"704","2020-10-23","Zacatecas",2414,218,526,144.860917916547,13.0818890247752,31.564557922164
"705","2020-11-06","Aguascalientes",1937,138,579,135.016920680173,9.61917142687861,40.3586975084255
"706","2020-11-06","Baja California",1582,284,754,43.5229009691686,7.81321357474329,20.7435318146354
"707","2020-11-06","Baja California Sur",892,31,127,110.847661512002,3.85232904357854,15.7821222107895
"708","2020-11-06","Campeche",142,7,59,14.1912440024505,0.699568366317982,5.89636194468013
"709","2020-11-06","Chiapas",109,2,96,1.90214693055436,0.0349017785422818,1.67528537002953
"710","2020-11-06","Chihuahua",3329,560,1562,87.5709952447555,14.7310776020015,41.0891843112971
"711","2020-11-06","Ciudad de México",22148,887,3744,245.580128722219,9.83518034028393,41.5139968365536
"712","2020-11-06","Coahuila de Zaragoza",4071,485,1346,126.478848734901,15.0681016056072,41.8178654869016
"713","2020-11-06","Colima",275,22,85,35.0250206010803,2.80200164808642,10.8259154585157
"714","2020-11-06","Durango",3044,175,509,162.86819233428,9.36331591934921,27.2338731597071
"715","2020-11-06","Guanajuato",6481,369,1148,104.059375338683,5.92468901403702,18.4323658214485
"716","2020-11-06","Guerrero",687,57,330,18.7856435026283,1.55863417707397,9.02367155148087
"717","2020-11-06","Hidalgo",1567,219,647,50.7708946369476,7.09561322622305,20.962839074732
"718","2020-11-06","Jalisco",3316,363,1391,39.4306902760897,4.3164476991015,16.5404373263091
"719","2020-11-06","México",6629,841,3676,38.0369513288834,4.82562619815823,21.0927489945656
"720","2020-11-06","Michoacán de Ocampo",1544,117,476,31.9973407391427,2.4246689549739,9.86446515015021
"721","2020-11-06","Morelos",473,45,229,23.1402435743017,2.20150308846422,11.2032046057402
"722","2020-11-06","Nayarit",204,29,129,15.8314908530457,2.2505550722467,10.0110898041319
"723","2020-11-06","Nuevo León",7399,269,1889,131.885886178149,4.79487814325206,33.6710959576325
"724","2020-11-06","Oaxaca",1398,64,422,33.7388348710889,1.54455324159492,10.1843979367665
"725","2020-11-06","Puebla",1948,150,775,29.4952600905056,2.27119559218473,11.7345105596211
"726","2020-11-06","Querétaro",4000,167,536,175.466532610236,7.32572773647734,23.5125153697716
"727","2020-11-06","Quintana Roo",351,42,173,20.3683833944868,2.43724245745996,10.0391177414422
"728","2020-11-06","San Luis Potosí",2939,220,655,102.542023388932,7.67582345885165,22.8530198433992
"729","2020-11-06","Sinaloa",1011,116,547,32.0273807178061,3.67475387068795,17.3283652350544
"730","2020-11-06","Sonora",2361,167,557,76.7868554953338,5.43134471313881,18.1153233845408
"731","2020-11-06","Tabasco",1284,25,300,49.9166694851702,0.971897770349887,11.6627732441986
"732","2020-11-06","Tamaulipas",1638,98,761,44.8693119655334,2.68448875007465,20.8458769266001
"733","2020-11-06","Tlaxcala",510,18,133,36.9562271605081,1.3043374291944,9.63760433793644
"734","2020-11-06","Veracruz de Ignacio de la Llave",1125,139,725,13.173514981858,1.6276609622029,8.48959854386406
"735","2020-11-06","Yucatán",1055,63,302,46.700054623571,2.78872364102841,13.3681672950886
"736","2020-11-06","Zacatecas",2766,187,477,165.983968084991,11.221620401986,28.6241333248521
"737","2020-11-20","Aguascalientes",2104,153,534,146.657512189512,10.6647335384959,37.2220111735738
"738","2020-11-20","Baja California",3352,463,1150,92.2179292342941,12.7377390320639,31.6380127146295
"739","2020-11-20","Baja California Sur",1083,26,166,134.582979167599,3.23098564945297,20.628600684969
"740","2020-11-20","Campeche",181,6,46,18.0888391862221,0.599630028272556,4.59716355008959
"741","2020-11-20","Chiapas",134,12,113,2.33841916233288,0.209410671253691,1.97195048763892
"742","2020-11-20","Chihuahua",2253,304,943,59.2662818523383,7.9968706982294,24.8060824619419
"743","2020-11-20","Ciudad de México",31674,1121,4394,351.2057520836,12.4298051425685,48.7212879540108
"744","2020-11-20","Coahuila de Zaragoza",3434,392,1225,106.688373017846,12.1787542874186,38.0586071481831
"745","2020-11-20","Colima",274,18,93,34.8976568898036,2.2925468029798,11.844825148729
"746","2020-11-20","Durango",2914,181,475,155.912586222763,9.6843438937269,25.4147146382336
"747","2020-11-20","Guanajuato",9004,524,1478,144.568834369619,8.41337952128834,23.7308681917255
"748","2020-11-20","Guerrero",843,63,299,23.0513791451466,1.72270093255544,8.1759933148266
"749","2020-11-20","Hidalgo",1892,232,715,61.3009142649042,7.51681401134132,23.1660431815045
"750","2020-11-20","Jalisco",4189,423,1574,49.8115686268215,5.02991012870505,18.7164977365999
"751","2020-11-20","México",9360,1120,4459,53.7073260579798,6.4265176479634,25.5855733859543
"752","2020-11-20","Michoacán de Ocampo",1760,114,515,36.4736526560176,2.36249795612841,10.6726881351415
"753","2020-11-20","Morelos",629,53,306,30.7721209476443,2.59288141530231,14.9702210015567
"754","2020-11-20","Nayarit",259,26,142,20.0997849555826,2.01773903029014,11.0199593192769
"755","2020-11-20","Nuevo León",5738,238,1566,102.278850505503,4.24230854310034,27.9136772205678
"756","2020-11-20","Oaxaca",1420,68,389,34.2697750478872,1.6410878191946,9.38798767156909
"757","2020-11-20","Puebla",2567,183,852,38.8677272342546,2.77085862246536,12.9003909636092
"758","2020-11-20","Querétaro",5132,233,603,225.123561338932,10.2209255245462,26.451579790993
"759","2020-11-20","Quintana Roo",573,33,160,33.2509506696324,1.91497621657569,9.28473317127605
"760","2020-11-20","San Luis Potosí",2739,200,592,95.5640020627031,6.97802132622878,20.6549431256372
"761","2020-11-20","Sinaloa",929,92,498,29.4297098781819,2.91445996640768,15.7760985138155
"762","2020-11-20","Sonora",3688,234,699,119.944906000335,7.61038720284121,22.7335925418205
"763","2020-11-20","Tabasco",1820,45,282,70.7541576814718,1.7494159866298,10.9630068495467
"764","2020-11-20","Tamaulipas",1703,134,804,46.6498402181339,3.67062747459186,22.0237648475512
"765","2020-11-20","Tlaxcala",473,37,172,34.2750891116085,2.68113804889961,12.4636687678576
"766","2020-11-20","Veracruz de Ignacio de la Llave",1276,132,618,14.9416934372007,1.54569242453801,7.23665089670067
"767","2020-11-20","Yucatán",1391,79,284,61.5732473757225,3.49697091494039,12.5713891119376
"768","2020-11-20","Zacatecas",2694,224,529,161.663344186901,13.4419410162828,31.7445839179177
"769","2020-12-04","Aguascalientes",1360,102,435,94.7976314532965,7.10982235899724,30.3213012369
"770","2020-12-04","Baja California",3814,590,1594,104.928156950954,16.2316760883751,43.8530367540169
"771","2020-12-04","Baja California Sur",1350,39,202,167.762716413904,4.84647847417945,25.1022731226731
"772","2020-12-04","Campeche",223,9,76,22.28624938413,0.899445042408834,7.59531369145237
"773","2020-12-04","Chiapas",273,11,157,4.76409277102147,0.19195978198255,2.73978961556913
"774","2020-12-04","Chihuahua",1187,160,746,31.2246234170997,4.20887931485758,19.6238998055235
"775","2020-12-04","Ciudad de México",54379,1592,5589,602.961974886471,17.6523191676798,61.9716154699514
"776","2020-12-04","Coahuila de Zaragoza",3393,326,1071,105.414574737784,10.1282497390267,33.2740965352687
"777","2020-12-04","Colima",271,14,90,34.5155657559737,1.78309195787318,11.462734014899
"778","2020-12-04","Durango",1689,116,360,90.369374787319,6.20654083796862,19.2616784626612
"779","2020-12-04","Guanajuato",9302,557,1731,149.353542570657,8.94322975831604,27.7930533422712
"780","2020-12-04","Guerrero",1135,98,441,31.0359612452448,2.67975700619735,12.0589065278881
"781","2020-12-04","Hidalgo",2508,347,920,81.2593514674311,11.2428209566183,29.8080555622156
"782","2020-12-04","Jalisco",4410,577,1960,52.4394885758612,6.86113036468751,23.3064393670494
"783","2020-12-04","México",15882,1590,5848,91.1303154329952,9.12335987523375,33.555602861866
"784","2020-12-04","Michoacán de Ocampo",2153,167,604,44.6180535047761,3.46085226906531,12.5170944342242
"785","2020-12-04","Morelos",811,59,324,39.6759778832107,2.88641516043087,15.8508222369424
"786","2020-12-04","Nayarit",279,33,170,21.6518919019596,2.5609764615221,13.1929090442048
"787","2020-12-04","Nuevo León",6530,262,1816,116.396112548089,4.67010436257264,32.3698836734043
"788","2020-12-04","Oaxaca",1880,66,444,45.3712514718506,1.59282053039476,10.7153381135647
"789","2020-12-04","Puebla",3514,212,1102,53.2065420729142,3.20995643695441,16.6857169505838
"790","2020-12-04","Querétaro",4773,257,719,209.375440037164,11.2737247202076,31.5401092366899
"791","2020-12-04","Quintana Roo",677,40,202,39.2860272309618,2.32118329281901,11.721975628736
"792","2020-12-04","San Luis Potosí",2232,140,593,77.8747180007132,4.88461492836014,20.6898332322683
"793","2020-12-04","Sinaloa",1028,83,493,32.565922233338,2.62934975230258,15.6177039504238
"794","2020-12-04","Sonora",3785,263,884,123.099639157068,8.55355484763777,28.7503516551779
"795","2020-12-04","Tabasco",3314,90,382,128.834768437581,3.49883197325959,14.8505979309463
"796","2020-12-04","Tamaulipas",1654,108,865,45.3075958430966,2.95841617355165,23.6947221307609
"797","2020-12-04","Tlaxcala",802,62,250,58.1154787896618,4.49271781166962,18.1157976277001
"798","2020-12-04","Veracruz de Ignacio de la Llave",1457,147,761,17.061165625393,1.72133929096278,8.91115102328351
"799","2020-12-04","Yucatán",1296,80,309,57.3680291868702,3.54123636955989,13.6780254774251
"800","2020-12-04","Zacatecas",1902,125,395,114.136481307901,7.50108315640778,23.7034227742486
"801","2020-12-18","Aguascalientes",982,39,344,68.449466240542,2.71846149020483,23.9782244264221
"802","2020-12-18","Baja California",2790,328,1403,76.7565699772316,9.02371145252042,38.598375511848
"803","2020-12-18","Baja California Sur",1588,28,251,197.338661974281,3.4795230071032,31.1914383851037
"804","2020-12-18","Campeche",167,6,86,16.6897024535861,0.599630028272556,8.59469707190663
"805","2020-12-18","Chiapas",284,25,152,4.95605255300402,0.436272231778523,2.65253516921342
"806","2020-12-18","Chihuahua",699,80,637,18.3875415067841,2.10443965742879,16.7566007722767
"807","2020-12-18","Ciudad de México",46155,1234,5858,511.773110040366,13.682764982988,64.9543251785606
"808","2020-12-18","Coahuila de Zaragoza",3133,233,1046,97.3368295471492,7.2389024208381,32.4973902669384
"809","2020-12-18","Colima",356,18,114,45.3414812144894,2.2925468029798,14.5194630855387
"810","2020-12-18","Durango",1243,79,299,66.5062953585775,4.22686832930622,15.9978940564881
"811","2020-12-18","Guanajuato",7441,426,1802,119.473200415852,6.83988487799395,28.9330341552702
"812","2020-12-18","Guerrero",1137,53,444,31.0906501637386,1.44925634008632,12.1409399056288
"813","2020-12-18","Hidalgo",2214,259,909,71.7337337116796,8.39161564197156,29.4516548978847
"814","2020-12-18","Jalisco",4666,496,2261,55.4835949421697,5.89795608472271,26.8856425555606
"815","2020-12-18","México",13288,1339,6333,76.2460415233372,7.68313136662767,36.3385145219216
"816","2020-12-18","Michoacán de Ocampo",2339,125,790,48.4726554331961,2.59045828522852,16.3716963626443
"817","2020-12-18","Morelos",1272,60,474,62.2291539672553,2.93533745128563,23.1891658651565
"818","2020-12-18","Nayarit",330,30,214,25.609764615221,2.32816041956555,16.6075443262343
"819","2020-12-18","Nuevo León",6826,248,1976,121.672260988248,4.4205568012138,35.2218558032196
"820","2020-12-18","Oaxaca",1941,81,517,46.8434037802458,1.95482519639356,12.4770941547589
"821","2020-12-18","Puebla",4024,184,1374,60.9286070863422,2.78599992641326,20.8041516244121
"822","2020-12-18","Querétaro",3519,169,686,154.366682063855,7.41346100278246,30.0925103426554
"823","2020-12-18","Quintana Roo",735,50,243,42.6517430055494,2.90147911602377,14.1011885038755
"824","2020-12-18","San Luis Potosí",2035,117,733,71.0013669943778,4.08214247584383,25.5744481606285
"825","2020-12-18","Sinaloa",1003,63,518,31.7739494163794,1.99577149873569,16.4096767673824
"826","2020-12-18","Sonora",3312,195,986,107.716249640214,6.34198933570101,32.0676999230831
"827","2020-12-18","Tabasco",3296,48,386,128.135002042929,1.86604371907178,15.0061015742023
"828","2020-12-18","Tamaulipas",1785,107,913,48.8960450906453,2.93102343120395,25.0095737634505
"829","2020-12-18","Tlaxcala",1137,83,361,82.3906476107799,6.01444481239642,26.1592117743989
"830","2020-12-18","Veracruz de Ignacio de la Llave",1780,139,912,20.8434281490731,1.6276609622029,10.6793294786262
"831","2020-12-18","Yucatán",1054,32,278,46.6557891689515,1.41649454782395,12.3057963842206
"832","2020-12-18","Zacatecas",1364,91,369,81.8518194027218,5.46078853786487,22.1431974777158
"833","2021-01-01","Aguascalientes",318,6,198,22.1659167662855,0.418224844646896,13.8014198733476
"834","2021-01-01","Baja California",895,50,536,24.622627286603,1.37556577020128,14.7460650565578
"835","2021-01-01","Baja California Sur",1127,2,169,140.050801035904,0.248537357650228,21.0014067214443
"836","2021-01-01","Campeche",53,1,40,5.29673191640758,0.099938338045426,3.99753352181704
"837","2021-01-01","Chiapas",121,10,100,2.11155760180805,0.174508892711409,1.74508892711409
"838","2021-01-01","Chihuahua",189,8,319,4.97173869067552,0.210443965742879,8.3914531339973
"839","2021-01-01","Ciudad de México",28448,157,2349,315.435411860651,1.74083800837044,26.0460412844723
"840","2021-01-01","Coahuila de Zaragoza",1629,55,591,50.6101804444003,1.70875379032659,18.3613361833275
"841","2021-01-01","Colima",225,7,82,28.6568350372475,0.891545978936589,10.4438243246858
"842","2021-01-01","Durango",677,10,198,36.2226564422824,0.535046623962812,10.5939231544637
"843","2021-01-01","Guanajuato",3619,86,1061,58.1069093273712,1.38082182982977,17.03548792383
"844","2021-01-01","Guerrero",278,9,261,7.60175967064146,0.246100133222205,7.13690386344396
"845","2021-01-01","Hidalgo",1322,61,532,42.832879840488,1.97640368401647,17.2368321294551
"846","2021-01-01","Jalisco",2430,99,1307,28.8952283989439,1.17721300884586,15.5415899248641
"847","2021-01-01","México",6015,198,2979,34.5138425468748,1.13611651276496,17.0933893511455
"848","2021-01-01","Michoacán de Ocampo",691,20,448,14.3200534007433,0.414473325636564,9.28420249425903
"849","2021-01-01","Morelos",625,14,320,30.5764317842253,0.684912071966647,15.6551330735234
"850","2021-01-01","Nayarit",311,13,188,24.1352630161629,1.00886951514507,14.5898052959441
"851","2021-01-01","Nuevo León",4738,60,1102,84.4540246941572,1.06948954868076,19.6429580441033
"852","2021-01-01","Oaxaca",597,21,373,14.4077857067526,0.506806532398332,9.00184936117037
"853","2021-01-01","Puebla",1330,38,743,20.1379342507046,0.57536955002013,11.2499888332883
"854","2021-01-01","Querétaro",1837,46,421,80.5830051012508,2.01786512501771,18.4678525572273
"855","2021-01-01","Quintana Roo",389,7,152,22.5735075226649,0.406207076243327,8.82049651271225
"856","2021-01-01","San Luis Potosí",754,15,346,26.3071403998825,0.523351599467158,12.0719768943758
"857","2021-01-01","Sinaloa",481,14,292,15.2375569982836,0.443504777496821,9.25024250207655
"858","2021-01-01","Sonora",892,23,404,29.0105358330528,0.748029511390375,13.1393009826831
"859","2021-01-01","Tabasco",1875,9,191,72.8923327762415,0.349883197325959,7.42529896547314
"860","2021-01-01","Tamaulipas",431,14,530,11.8062719518589,0.383498392867806,14.5181534442812
"861","2021-01-01","Tlaxcala",596,14,178,43.188061544437,1.0144846671512,12.8984479109224
"862","2021-01-01","Veracruz de Ignacio de la Llave",643,28,622,7.5293956740753,0.327874150659577,7.28349006108061
"863","2021-01-01","Yucatán",694,6,182,30.720225505932,0.265592727716991,8.05631274074874
"864","2021-01-01","Zacatecas",920,21,199,55.2079720311613,1.26018197027651,11.9417243850012
